user_id,user_name,phone_num,email,password,confirm_pw,notification_type,notification_period,register_date
user_1,user_name_1,8022732462,user1@example.com,password123,password123,Email,,2024-01-09
user_2,user_name_2,9887720283,user2@example.com,password123,password123,Email,Weekly,2024-01-20
user_3,user_name_3,1239455896,user3@example.com,password123,password123,App Notifications,Monthly,2024-01-21
user_4,user_name_4,2299958834,user4@example.com,password123,password123,None,,2024-01-30
user_5,user_name_5,,user5@example.com,password123,password123,Email,Monthly,2024-01-04
user_6,user_name_6,1356501862,user6@example.com,password123,password123,App Notifications,Multiple times a day,2024-01-12
user_7,user_name_7,4682324785,user7@example.com,password123,password123,Email,,2024-01-17
user_8,user_name_8,5700060390,user8@example.com,password123,password123,App Notifications,,2024-01-28
user_9,user_name_9,7150926687,user9@example.com,password123,password123,Email,,2024-01-05
user_10,user_name_10,4695608539,user10@example.com,password123,password123,SMS,,2024-01-03
user_11,user_name_11,,user11@example.com,password123,password123,Email,,2024-01-09
user_12,user_name_12,8521882555,user12@example.com,password123,password123,SMS,,2024-01-30
user_13,user_name_13,,user13@example.com,password123,password123,Email,,2024-01-17
user_14,user_name_14,,user14@example.com,password123,password123,Email,Multiple times a day,2024-01-20
user_15,user_name_15,,user15@example.com,password123,password123,App Notifications,Daily,2024-01-17
user_16,user_name_16,7226492827,user16@example.com,password123,password123,App Notifications,Weekly,2024-01-25
user_17,user_name_17,,user17@example.com,password123,password123,None,,2024-01-15
user_18,user_name_18,4925267880,user18@example.com,password123,password123,SMS,Multiple times a day,2024-01-25
user_19,user_name_19,4237391671,user19@example.com,password123,password123,Email,Daily,2024-01-25
user_20,user_name_20,,user20@example.com,password123,password123,App Notifications,Monthly,2024-01-06
user_21,user_name_21,,user21@example.com,password123,password123,None,Daily,2024-01-14
user_22,user_name_22,,user22@example.com,password123,password123,Email,,2024-01-06
user_23,user_name_23,,user23@example.com,password123,password123,Email,Weekly,2024-01-04
user_24,user_name_24,,user24@example.com,password123,password123,None,Monthly,2024-01-22
user_25,user_name_25,,user25@example.com,password123,password123,None,Daily,2024-01-10
user_26,user_name_26,9831941301,user26@example.com,password123,password123,App Notifications,Multiple times a day,2024-01-02
user_27,user_name_27,4010506622,user27@example.com,password123,password123,SMS,Daily,2024-01-25
user_28,user_name_28,2484343143,user28@example.com,password123,password123,App Notifications,,2024-01-04
user_29,user_name_29,3267436001,user29@example.com,password123,password123,SMS,Monthly,2024-01-31
user_30,user_name_30,4429075641,user30@example.com,password123,password123,SMS,,2024-01-15
user_31,user_name_31,,user31@example.com,password123,password123,Email,Daily,2024-01-25
user_32,user_name_32,,user32@example.com,password123,password123,App Notifications,,2024-01-19
user_33,user_name_33,6431817896,user33@example.com,password123,password123,None,Weekly,2024-01-16
user_34,user_name_34,,user34@example.com,password123,password123,None,Monthly,2024-01-30
user_35,user_name_35,9585878477,user35@example.com,password123,password123,SMS,,2024-01-29
user_36,user_name_36,4800207330,user36@example.com,password123,password123,None,Multiple times a day,2024-01-24
user_37,user_name_37,,user37@example.com,password123,password123,Email,,2024-01-13
user_38,user_name_38,,user38@example.com,password123,password123,None,,2024-01-29
user_39,user_name_39,,user39@example.com,password123,password123,Email,Daily,2024-01-24
user_40,user_name_40,,user40@example.com,password123,password123,App Notifications,Daily,2024-01-20
user_41,user_name_41,8318095831,user41@example.com,password123,password123,SMS,Daily,2024-01-08
user_42,user_name_42,3104612190,user42@example.com,password123,password123,None,,2024-01-24
user_43,user_name_43,,user43@example.com,password123,password123,App Notifications,,2024-01-24
user_44,user_name_44,7681363123,user44@example.com,password123,password123,App Notifications,,2024-01-11
user_45,user_name_45,7638338391,user45@example.com,password123,password123,SMS,,2024-01-26
user_46,user_name_46,5399363353,user46@example.com,password123,password123,App Notifications,,2024-01-08
user_47,user_name_47,3790008347,user47@example.com,password123,password123,SMS,,2024-01-30
user_48,user_name_48,9624443313,user48@example.com,password123,password123,Email,Daily,2024-01-22
user_49,user_name_49,6163748204,user49@example.com,password123,password123,SMS,Multiple times a day,2024-01-21
user_50,user_name_50,,user50@example.com,password123,password123,Email,,2024-01-14
user_51,user_name_51,,user51@example.com,password123,password123,App Notifications,Monthly,2024-01-02
user_52,user_name_52,3121889658,user52@example.com,password123,password123,None,,2024-01-20
user_53,user_name_53,,user53@example.com,password123,password123,None,Monthly,2024-01-12
user_54,user_name_54,,user54@example.com,password123,password123,Email,Daily,2024-01-04
user_55,user_name_55,8295917288,user55@example.com,password123,password123,SMS,,2024-01-17
user_56,user_name_56,,user56@example.com,password123,password123,Email,Monthly,2024-01-22
user_57,user_name_57,,user57@example.com,password123,password123,None,Monthly,2024-01-02
user_58,user_name_58,2151200523,user58@example.com,password123,password123,App Notifications,,2024-01-26
user_59,user_name_59,5461773577,user59@example.com,password123,password123,App Notifications,Weekly,2024-01-18
user_60,user_name_60,,user60@example.com,password123,password123,Email,,2024-01-17
user_61,user_name_61,7898825756,user61@example.com,password123,password123,Email,,2024-01-17
user_62,user_name_62,,user62@example.com,password123,password123,App Notifications,Daily,2024-01-31
user_63,user_name_63,,user63@example.com,password123,password123,App Notifications,,2024-01-07
user_64,user_name_64,3243882197,user64@example.com,password123,password123,SMS,Monthly,2024-01-12
user_65,user_name_65,7386066871,user65@example.com,password123,password123,Email,,2024-01-09
user_66,user_name_66,4735174528,user66@example.com,password123,password123,Email,Daily,2024-01-02
user_67,user_name_67,1114958813,user67@example.com,password123,password123,None,,2024-01-30
user_68,user_name_68,,user68@example.com,password123,password123,SMS,,2024-01-19
user_69,user_name_69,4762765614,user69@example.com,password123,password123,App Notifications,,2024-01-16
user_70,user_name_70,6432261548,user70@example.com,password123,password123,Email,Daily,2024-01-13
user_71,user_name_71,4544344107,user71@example.com,password123,password123,SMS,Monthly,2024-01-19
user_72,user_name_72,,user72@example.com,password123,password123,SMS,,2024-01-24
user_73,user_name_73,2113990987,user73@example.com,password123,password123,App Notifications,Multiple times a day,2024-01-25
user_74,user_name_74,8394317664,user74@example.com,password123,password123,None,,2024-01-29
user_75,user_name_75,7794186465,user75@example.com,password123,password123,None,Monthly,2024-01-01
user_76,user_name_76,9259019261,user76@example.com,password123,password123,Email,,2024-01-07
user_77,user_name_77,,user77@example.com,password123,password123,None,,2024-01-09
user_78,user_name_78,7752224497,user78@example.com,password123,password123,SMS,,2024-01-17
user_79,user_name_79,2449043163,user79@example.com,password123,password123,None,,2024-01-14
user_80,user_name_80,,user80@example.com,password123,password123,Email,Multiple times a day,2024-01-26
user_81,user_name_81,5406600355,user81@example.com,password123,password123,None,Monthly,2024-01-27
user_82,user_name_82,1058207094,user82@example.com,password123,password123,App Notifications,,2024-01-30
user_83,user_name_83,,user83@example.com,password123,password123,Email,Weekly,2024-01-26
user_84,user_name_84,1864583716,user84@example.com,password123,password123,App Notifications,Multiple times a day,2024-01-19
user_85,user_name_85,,user85@example.com,password123,password123,App Notifications,,2024-01-20
user_86,user_name_86,,user86@example.com,password123,password123,None,,2024-01-11
user_87,user_name_87,,user87@example.com,password123,password123,None,Multiple times a day,2024-01-27
user_88,user_name_88,5879813493,user88@example.com,password123,password123,App Notifications,Daily,2024-01-21
user_89,user_name_89,2236282164,user89@example.com,password123,password123,App Notifications,,2024-01-16
user_90,user_name_90,3601817522,user90@example.com,password123,password123,None,Multiple times a day,2024-01-19
user_91,user_name_91,9000918947,user91@example.com,password123,password123,None,,2024-01-08
user_92,user_name_92,,user92@example.com,password123,password123,App Notifications,Multiple times a day,2024-01-04
user_93,user_name_93,,user93@example.com,password123,password123,Email,Weekly,2024-01-11
user_94,user_name_94,,user94@example.com,password123,password123,Email,,2024-01-18
user_95,user_name_95,,user95@example.com,password123,password123,None,Weekly,2024-01-04
user_96,user_name_96,,user96@example.com,password123,password123,None,Daily,2024-01-09
user_97,user_name_97,2709976077,user97@example.com,password123,password123,App Notifications,Multiple times a day,2024-01-23
user_98,user_name_98,7266518682,user98@example.com,password123,password123,Email,Monthly,2024-01-11
user_99,user_name_99,,user99@example.com,password123,password123,SMS,,2024-01-27
user_100,user_name_100,1256515792,user100@example.com,password123,password123,None,,2024-01-13
user_101,user_name_101,7656164190,user101@example.com,password123,password123,None,,2024-01-27
user_102,user_name_102,,user102@example.com,password123,password123,App Notifications,,2024-01-03
user_103,user_name_103,6814673506,user103@example.com,password123,password123,App Notifications,Monthly,2024-01-17
user_104,user_name_104,,user104@example.com,password123,password123,SMS,Multiple times a day,2024-01-02
user_105,user_name_105,,user105@example.com,password123,password123,SMS,Monthly,2024-01-24
user_106,user_name_106,1009662015,user106@example.com,password123,password123,None,Weekly,2024-01-15
user_107,user_name_107,,user107@example.com,password123,password123,App Notifications,Multiple times a day,2024-01-29
user_108,user_name_108,,user108@example.com,password123,password123,App Notifications,Monthly,2024-01-07
user_109,user_name_109,,user109@example.com,password123,password123,None,Multiple times a day,2024-01-08
user_110,user_name_110,,user110@example.com,password123,password123,Email,,2024-01-17
user_111,user_name_111,5728760287,user111@example.com,password123,password123,None,Daily,2024-01-14
user_112,user_name_112,5419050167,user112@example.com,password123,password123,None,Daily,2024-01-19
user_113,user_name_113,9542977691,user113@example.com,password123,password123,None,Monthly,2024-01-22
user_114,user_name_114,,user114@example.com,password123,password123,SMS,Daily,2024-01-18
user_115,user_name_115,,user115@example.com,password123,password123,Email,Weekly,2024-01-18
user_116,user_name_116,7917057000,user116@example.com,password123,password123,Email,,2024-01-04
user_117,user_name_117,8273133984,user117@example.com,password123,password123,Email,Monthly,2024-01-20
user_118,user_name_118,,user118@example.com,password123,password123,Email,,2024-01-19
user_119,user_name_119,1179567945,user119@example.com,password123,password123,App Notifications,Monthly,2024-01-04
user_120,user_name_120,,user120@example.com,password123,password123,Email,,2024-01-10
user_121,user_name_121,,user121@example.com,password123,password123,SMS,Monthly,2024-01-17
user_122,user_name_122,,user122@example.com,password123,password123,SMS,Multiple times a day,2024-01-18
user_123,user_name_123,,user123@example.com,password123,password123,None,Weekly,2024-01-11
user_124,user_name_124,,user124@example.com,password123,password123,SMS,,2024-01-19
user_125,user_name_125,,user125@example.com,password123,password123,None,Monthly,2024-01-21
user_126,user_name_126,,user126@example.com,password123,password123,SMS,,2024-01-03
user_127,user_name_127,,user127@example.com,password123,password123,Email,,2024-01-16
user_128,user_name_128,4504273746,user128@example.com,password123,password123,None,Weekly,2024-01-04
user_129,user_name_129,7190731879,user129@example.com,password123,password123,None,,2024-01-11
user_130,user_name_130,1527144535,user130@example.com,password123,password123,Email,,2024-01-19
user_131,user_name_131,,user131@example.com,password123,password123,App Notifications,,2024-01-16
user_132,user_name_132,,user132@example.com,password123,password123,None,Monthly,2024-01-02
user_133,user_name_133,9987284771,user133@example.com,password123,password123,None,Monthly,2024-01-08
user_134,user_name_134,,user134@example.com,password123,password123,SMS,Monthly,2024-01-18
user_135,user_name_135,,user135@example.com,password123,password123,Email,Monthly,2024-01-09
user_136,user_name_136,6491635283,user136@example.com,password123,password123,App Notifications,,2024-01-26
user_137,user_name_137,8852974961,user137@example.com,password123,password123,None,Daily,2024-01-24
user_138,user_name_138,,user138@example.com,password123,password123,Email,,2024-01-30
user_139,user_name_139,4489840871,user139@example.com,password123,password123,App Notifications,,2024-01-31
user_140,user_name_140,8141449232,user140@example.com,password123,password123,App Notifications,,2024-01-21
user_141,user_name_141,,user141@example.com,password123,password123,Email,,2024-01-11
user_142,user_name_142,,user142@example.com,password123,password123,App Notifications,Monthly,2024-01-25
user_143,user_name_143,8698906763,user143@example.com,password123,password123,None,Multiple times a day,2024-01-28
user_144,user_name_144,,user144@example.com,password123,password123,Email,,2024-01-20
user_145,user_name_145,7727726006,user145@example.com,password123,password123,Email,Daily,2024-01-29
user_146,user_name_146,9099156003,user146@example.com,password123,password123,App Notifications,,2024-01-20
user_147,user_name_147,1345967643,user147@example.com,password123,password123,Email,,2024-01-24
user_148,user_name_148,1354441889,user148@example.com,password123,password123,App Notifications,Weekly,2024-01-11
user_149,user_name_149,,user149@example.com,password123,password123,Email,Weekly,2024-01-28
user_150,user_name_150,5065010975,user150@example.com,password123,password123,Email,Multiple times a day,2024-01-28
user_151,user_name_151,,user151@example.com,password123,password123,Email,Weekly,2024-01-02
user_152,user_name_152,,user152@example.com,password123,password123,SMS,Weekly,2024-01-17
user_153,user_name_153,7998625376,user153@example.com,password123,password123,App Notifications,Weekly,2024-01-27
user_154,user_name_154,,user154@example.com,password123,password123,Email,Weekly,2024-01-28
user_155,user_name_155,,user155@example.com,password123,password123,SMS,Weekly,2024-01-01
user_156,user_name_156,5310772513,user156@example.com,password123,password123,None,,2024-01-06
user_157,user_name_157,9079783988,user157@example.com,password123,password123,Email,,2024-01-24
user_158,user_name_158,,user158@example.com,password123,password123,Email,Daily,2024-01-18
user_159,user_name_159,4948933780,user159@example.com,password123,password123,App Notifications,Weekly,2024-01-24
user_160,user_name_160,,user160@example.com,password123,password123,None,,2024-01-19
user_161,user_name_161,,user161@example.com,password123,password123,None,Monthly,2024-01-04
user_162,user_name_162,,user162@example.com,password123,password123,App Notifications,Multiple times a day,2024-01-13
user_163,user_name_163,,user163@example.com,password123,password123,None,,2024-01-16
user_164,user_name_164,,user164@example.com,password123,password123,Email,Daily,2024-01-12
user_165,user_name_165,3315022529,user165@example.com,password123,password123,Email,,2024-01-28
user_166,user_name_166,,user166@example.com,password123,password123,None,,2024-01-21
user_167,user_name_167,,user167@example.com,password123,password123,Email,,2024-01-10
user_168,user_name_168,,user168@example.com,password123,password123,App Notifications,,2024-01-27
user_169,user_name_169,,user169@example.com,password123,password123,None,Multiple times a day,2024-01-30
user_170,user_name_170,,user170@example.com,password123,password123,None,,2024-01-04
user_171,user_name_171,1981230761,user171@example.com,password123,password123,SMS,Multiple times a day,2024-01-05
user_172,user_name_172,8571876336,user172@example.com,password123,password123,None,Monthly,2024-01-23
user_173,user_name_173,2704925767,user173@example.com,password123,password123,App Notifications,,2024-01-07
user_174,user_name_174,,user174@example.com,password123,password123,Email,Weekly,2024-01-29
user_175,user_name_175,9082816270,user175@example.com,password123,password123,None,,2024-01-08
user_176,user_name_176,3945148813,user176@example.com,password123,password123,App Notifications,Weekly,2024-01-16
user_177,user_name_177,,user177@example.com,password123,password123,App Notifications,,2024-01-17
user_178,user_name_178,8519547696,user178@example.com,password123,password123,Email,Multiple times a day,2024-01-12
user_179,user_name_179,,user179@example.com,password123,password123,None,,2024-01-20
user_180,user_name_180,,user180@example.com,password123,password123,None,,2024-01-11
user_181,user_name_181,,user181@example.com,password123,password123,SMS,Weekly,2024-01-28
user_182,user_name_182,,user182@example.com,password123,password123,SMS,,2024-01-20
user_183,user_name_183,,user183@example.com,password123,password123,None,Weekly,2024-01-08
user_184,user_name_184,,user184@example.com,password123,password123,Email,,2024-01-11
user_185,user_name_185,,user185@example.com,password123,password123,Email,Daily,2024-01-23
user_186,user_name_186,7120421490,user186@example.com,password123,password123,Email,Multiple times a day,2024-01-17
user_187,user_name_187,2539626737,user187@example.com,password123,password123,App Notifications,,2024-01-16
user_188,user_name_188,6426005106,user188@example.com,password123,password123,App Notifications,Monthly,2024-01-02
user_189,user_name_189,,user189@example.com,password123,password123,SMS,Monthly,2024-01-03
user_190,user_name_190,,user190@example.com,password123,password123,None,Monthly,2024-01-11
user_191,user_name_191,,user191@example.com,password123,password123,Email,Monthly,2024-01-13
user_192,user_name_192,2686543460,user192@example.com,password123,password123,App Notifications,Monthly,2024-01-16
user_193,user_name_193,,user193@example.com,password123,password123,Email,Daily,2024-01-03
user_194,user_name_194,5657656897,user194@example.com,password123,password123,Email,,2024-01-21
user_195,user_name_195,3182547199,user195@example.com,password123,password123,None,Multiple times a day,2024-01-20
user_196,user_name_196,,user196@example.com,password123,password123,App Notifications,,2024-01-14
user_197,user_name_197,3471924081,user197@example.com,password123,password123,None,Multiple times a day,2024-01-20
user_198,user_name_198,8280791446,user198@example.com,password123,password123,App Notifications,,2024-01-14
user_199,user_name_199,7075907764,user199@example.com,password123,password123,SMS,,2024-01-29
user_200,user_name_200,,user200@example.com,password123,password123,App Notifications,,2024-01-07
user_201,user_name_201,,user201@example.com,password123,password123,SMS,Multiple times a day,2024-01-07
user_202,user_name_202,,user202@example.com,password123,password123,App Notifications,Monthly,2024-01-06
user_203,user_name_203,,user203@example.com,password123,password123,None,Multiple times a day,2024-01-20
user_204,user_name_204,,user204@example.com,password123,password123,Email,Monthly,2024-01-02
user_205,user_name_205,9019569358,user205@example.com,password123,password123,App Notifications,Multiple times a day,2024-01-25
user_206,user_name_206,9799481515,user206@example.com,password123,password123,Email,,2024-01-10
user_207,user_name_207,,user207@example.com,password123,password123,App Notifications,,2024-01-12
user_208,user_name_208,,user208@example.com,password123,password123,App Notifications,Daily,2024-01-29
user_209,user_name_209,1576829920,user209@example.com,password123,password123,None,,2024-01-29
user_210,user_name_210,,user210@example.com,password123,password123,Email,,2024-01-15
user_211,user_name_211,8614086827,user211@example.com,password123,password123,SMS,Multiple times a day,2024-01-12
user_212,user_name_212,4613872392,user212@example.com,password123,password123,App Notifications,Daily,2024-01-09
user_213,user_name_213,7307241691,user213@example.com,password123,password123,Email,Daily,2024-01-05
user_214,user_name_214,,user214@example.com,password123,password123,App Notifications,,2024-01-25
user_215,user_name_215,7774419422,user215@example.com,password123,password123,None,,2024-01-26
user_216,user_name_216,4962442872,user216@example.com,password123,password123,SMS,Monthly,2024-01-02
user_217,user_name_217,,user217@example.com,password123,password123,App Notifications,,2024-01-23
user_218,user_name_218,,user218@example.com,password123,password123,Email,,2024-01-02
user_219,user_name_219,,user219@example.com,password123,password123,App Notifications,Daily,2024-01-05
user_220,user_name_220,4805900371,user220@example.com,password123,password123,None,Weekly,2024-01-12
user_221,user_name_221,6793663400,user221@example.com,password123,password123,Email,,2024-01-07
user_222,user_name_222,,user222@example.com,password123,password123,None,Daily,2024-01-26
user_223,user_name_223,2645055579,user223@example.com,password123,password123,None,Daily,2024-01-07
user_224,user_name_224,3501415351,user224@example.com,password123,password123,Email,Monthly,2024-01-01
user_225,user_name_225,1608967807,user225@example.com,password123,password123,Email,,2024-01-31
user_226,user_name_226,7858015647,user226@example.com,password123,password123,None,Monthly,2024-01-12
user_227,user_name_227,,user227@example.com,password123,password123,Email,,2024-01-29
user_228,user_name_228,,user228@example.com,password123,password123,None,,2024-01-30
user_229,user_name_229,,user229@example.com,password123,password123,App Notifications,,2024-01-05
user_230,user_name_230,4710583775,user230@example.com,password123,password123,None,,2024-01-03
user_231,user_name_231,7014940077,user231@example.com,password123,password123,None,,2024-01-23
user_232,user_name_232,,user232@example.com,password123,password123,App Notifications,,2024-01-04
user_233,user_name_233,,user233@example.com,password123,password123,App Notifications,Weekly,2024-01-28
user_234,user_name_234,,user234@example.com,password123,password123,None,,2024-01-06
user_235,user_name_235,,user235@example.com,password123,password123,SMS,Daily,2024-01-11
user_236,user_name_236,9647413860,user236@example.com,password123,password123,None,Daily,2024-01-10
user_237,user_name_237,3742938614,user237@example.com,password123,password123,App Notifications,Monthly,2024-01-08
user_238,user_name_238,9735898196,user238@example.com,password123,password123,SMS,,2024-01-02
user_239,user_name_239,1045395118,user239@example.com,password123,password123,None,,2024-01-24
user_240,user_name_240,9566618364,user240@example.com,password123,password123,Email,,2024-01-19
user_241,user_name_241,,user241@example.com,password123,password123,None,Weekly,2024-01-11
user_242,user_name_242,,user242@example.com,password123,password123,Email,Multiple times a day,2024-01-08
user_243,user_name_243,7878216934,user243@example.com,password123,password123,SMS,,2024-01-31
user_244,user_name_244,2549700049,user244@example.com,password123,password123,None,,2024-01-16
user_245,user_name_245,5264675433,user245@example.com,password123,password123,None,,2024-01-22
user_246,user_name_246,4907729028,user246@example.com,password123,password123,None,Daily,2024-01-26
user_247,user_name_247,,user247@example.com,password123,password123,SMS,Daily,2024-01-17
user_248,user_name_248,,user248@example.com,password123,password123,Email,,2024-01-28
user_249,user_name_249,4481732096,user249@example.com,password123,password123,SMS,Daily,2024-01-18
user_250,user_name_250,2896808210,user250@example.com,password123,password123,App Notifications,Monthly,2024-01-02
user_251,user_name_251,,user251@example.com,password123,password123,None,,2024-01-28
user_252,user_name_252,,user252@example.com,password123,password123,App Notifications,Weekly,2024-01-26
user_253,user_name_253,,user253@example.com,password123,password123,Email,Daily,2024-01-29
user_254,user_name_254,4863081957,user254@example.com,password123,password123,SMS,Multiple times a day,2024-01-13
user_255,user_name_255,,user255@example.com,password123,password123,None,,2024-01-06
user_256,user_name_256,,user256@example.com,password123,password123,SMS,Daily,2024-01-15
user_257,user_name_257,6650331900,user257@example.com,password123,password123,SMS,,2024-01-19
user_258,user_name_258,,user258@example.com,password123,password123,Email,,2024-01-31
user_259,user_name_259,,user259@example.com,password123,password123,None,Multiple times a day,2024-01-03
user_260,user_name_260,7325743133,user260@example.com,password123,password123,None,Monthly,2024-01-18
user_261,user_name_261,,user261@example.com,password123,password123,App Notifications,Multiple times a day,2024-01-24
user_262,user_name_262,6419416105,user262@example.com,password123,password123,SMS,,2024-01-16
user_263,user_name_263,,user263@example.com,password123,password123,App Notifications,,2024-01-10
user_264,user_name_264,3774387529,user264@example.com,password123,password123,None,Multiple times a day,2024-01-14
user_265,user_name_265,9772510771,user265@example.com,password123,password123,SMS,Weekly,2024-01-16
user_266,user_name_266,3661948505,user266@example.com,password123,password123,Email,,2024-01-14
user_267,user_name_267,6258169832,user267@example.com,password123,password123,None,Daily,2024-01-08
user_268,user_name_268,6650067602,user268@example.com,password123,password123,None,Weekly,2024-01-29
user_269,user_name_269,,user269@example.com,password123,password123,App Notifications,,2024-01-25
user_270,user_name_270,,user270@example.com,password123,password123,None,,2024-01-30
user_271,user_name_271,5167354475,user271@example.com,password123,password123,App Notifications,Daily,2024-01-11
user_272,user_name_272,2317196954,user272@example.com,password123,password123,App Notifications,Monthly,2024-01-29
user_273,user_name_273,8788819483,user273@example.com,password123,password123,Email,,2024-01-15
user_274,user_name_274,,user274@example.com,password123,password123,Email,Daily,2024-01-09
user_275,user_name_275,,user275@example.com,password123,password123,SMS,,2024-01-27
user_276,user_name_276,3496774359,user276@example.com,password123,password123,App Notifications,Multiple times a day,2024-01-23
user_277,user_name_277,,user277@example.com,password123,password123,SMS,,2024-01-23
user_278,user_name_278,3991634014,user278@example.com,password123,password123,None,,2024-01-25
user_279,user_name_279,4725162849,user279@example.com,password123,password123,None,,2024-01-17
user_280,user_name_280,2491937632,user280@example.com,password123,password123,Email,Monthly,2024-01-01
user_281,user_name_281,,user281@example.com,password123,password123,App Notifications,,2024-01-15
user_282,user_name_282,7579132703,user282@example.com,password123,password123,Email,,2024-01-14
user_283,user_name_283,,user283@example.com,password123,password123,None,Weekly,2024-01-19
user_284,user_name_284,4712102389,user284@example.com,password123,password123,SMS,Multiple times a day,2024-01-25
user_285,user_name_285,6940558822,user285@example.com,password123,password123,None,,2024-01-20
user_286,user_name_286,,user286@example.com,password123,password123,App Notifications,,2024-01-15
user_287,user_name_287,,user287@example.com,password123,password123,App Notifications,Monthly,2024-01-19
user_288,user_name_288,,user288@example.com,password123,password123,SMS,,2024-01-08
user_289,user_name_289,2750789484,user289@example.com,password123,password123,App Notifications,Monthly,2024-01-10
user_290,user_name_290,,user290@example.com,password123,password123,App Notifications,,2024-01-23
user_291,user_name_291,,user291@example.com,password123,password123,App Notifications,Monthly,2024-01-12
user_292,user_name_292,,user292@example.com,password123,password123,None,,2024-01-22
user_293,user_name_293,6971512194,user293@example.com,password123,password123,App Notifications,Monthly,2024-01-08
user_294,user_name_294,1289541460,user294@example.com,password123,password123,Email,Multiple times a day,2024-01-26
user_295,user_name_295,5450614006,user295@example.com,password123,password123,Email,,2024-01-01
user_296,user_name_296,,user296@example.com,password123,password123,SMS,,2024-01-07
user_297,user_name_297,,user297@example.com,password123,password123,App Notifications,Weekly,2024-01-06
user_298,user_name_298,7789075905,user298@example.com,password123,password123,Email,,2024-01-02
user_299,user_name_299,,user299@example.com,password123,password123,SMS,,2024-01-11
user_300,user_name_300,6416447257,user300@example.com,password123,password123,Email,,2024-01-19
user_301,user_name_301,6147417020,user301@example.com,password123,password123,None,Daily,2024-01-28
user_302,user_name_302,4038349894,user302@example.com,password123,password123,Email,,2024-01-03
user_303,user_name_303,,user303@example.com,password123,password123,SMS,,2024-01-01
user_304,user_name_304,2089676279,user304@example.com,password123,password123,SMS,,2024-01-06
user_305,user_name_305,4062111019,user305@example.com,password123,password123,App Notifications,Monthly,2024-01-16
user_306,user_name_306,,user306@example.com,password123,password123,Email,,2024-01-29
user_307,user_name_307,1777208749,user307@example.com,password123,password123,SMS,Monthly,2024-01-17
user_308,user_name_308,5313109244,user308@example.com,password123,password123,Email,,2024-01-14
user_309,user_name_309,8740650097,user309@example.com,password123,password123,Email,,2024-01-26
user_310,user_name_310,5372679917,user310@example.com,password123,password123,None,Daily,2024-01-29
user_311,user_name_311,,user311@example.com,password123,password123,None,,2024-01-10
user_312,user_name_312,,user312@example.com,password123,password123,Email,Weekly,2024-01-30
user_313,user_name_313,,user313@example.com,password123,password123,App Notifications,,2024-01-04
user_314,user_name_314,4925918223,user314@example.com,password123,password123,Email,Multiple times a day,2024-01-13
user_315,user_name_315,9887688681,user315@example.com,password123,password123,SMS,,2024-01-10
user_316,user_name_316,,user316@example.com,password123,password123,SMS,,2024-01-24
user_317,user_name_317,,user317@example.com,password123,password123,Email,,2024-01-12
user_318,user_name_318,9286297066,user318@example.com,password123,password123,None,Weekly,2024-01-19
user_319,user_name_319,,user319@example.com,password123,password123,App Notifications,Daily,2024-01-10
user_320,user_name_320,,user320@example.com,password123,password123,Email,Daily,2024-01-06
user_321,user_name_321,8161857952,user321@example.com,password123,password123,SMS,,2024-01-21
user_322,user_name_322,7589267127,user322@example.com,password123,password123,Email,,2024-01-14
user_323,user_name_323,2746319355,user323@example.com,password123,password123,Email,,2024-01-24
user_324,user_name_324,,user324@example.com,password123,password123,App Notifications,,2024-01-20
user_325,user_name_325,,user325@example.com,password123,password123,None,Multiple times a day,2024-01-25
user_326,user_name_326,8773153522,user326@example.com,password123,password123,App Notifications,Multiple times a day,2024-01-23
user_327,user_name_327,,user327@example.com,password123,password123,None,Daily,2024-01-08
user_328,user_name_328,3350598583,user328@example.com,password123,password123,SMS,,2024-01-25
user_329,user_name_329,7576767210,user329@example.com,password123,password123,SMS,Monthly,2024-01-25
user_330,user_name_330,4278216674,user330@example.com,password123,password123,App Notifications,Monthly,2024-01-02
user_331,user_name_331,3567353157,user331@example.com,password123,password123,None,,2024-01-30
user_332,user_name_332,,user332@example.com,password123,password123,None,Multiple times a day,2024-01-04
user_333,user_name_333,8880817994,user333@example.com,password123,password123,None,,2024-01-18
user_334,user_name_334,,user334@example.com,password123,password123,SMS,,2024-01-01
user_335,user_name_335,7427113514,user335@example.com,password123,password123,None,Weekly,2024-01-14
user_336,user_name_336,9818246911,user336@example.com,password123,password123,SMS,,2024-01-01
user_337,user_name_337,4758465629,user337@example.com,password123,password123,SMS,,2024-01-10
user_338,user_name_338,,user338@example.com,password123,password123,None,Weekly,2024-01-10
user_339,user_name_339,,user339@example.com,password123,password123,Email,Daily,2024-01-09
user_340,user_name_340,,user340@example.com,password123,password123,Email,Daily,2024-01-04
user_341,user_name_341,4633579070,user341@example.com,password123,password123,Email,Weekly,2024-01-08
user_342,user_name_342,,user342@example.com,password123,password123,Email,Weekly,2024-01-23
user_343,user_name_343,,user343@example.com,password123,password123,None,Weekly,2024-01-23
user_344,user_name_344,3823866845,user344@example.com,password123,password123,App Notifications,,2024-01-23
user_345,user_name_345,9279480397,user345@example.com,password123,password123,App Notifications,,2024-01-24
user_346,user_name_346,,user346@example.com,password123,password123,App Notifications,Daily,2024-01-16
user_347,user_name_347,5811973702,user347@example.com,password123,password123,App Notifications,,2024-01-05
user_348,user_name_348,,user348@example.com,password123,password123,Email,,2024-01-29
user_349,user_name_349,,user349@example.com,password123,password123,None,Weekly,2024-01-30
user_350,user_name_350,,user350@example.com,password123,password123,SMS,,2024-01-23
user_351,user_name_351,,user351@example.com,password123,password123,App Notifications,Multiple times a day,2024-01-17
user_352,user_name_352,,user352@example.com,password123,password123,SMS,,2024-01-14
user_353,user_name_353,,user353@example.com,password123,password123,SMS,,2024-01-15
user_354,user_name_354,,user354@example.com,password123,password123,Email,,2024-01-25
user_355,user_name_355,9776303529,user355@example.com,password123,password123,None,,2024-01-07
user_356,user_name_356,,user356@example.com,password123,password123,None,Multiple times a day,2024-01-03
user_357,user_name_357,,user357@example.com,password123,password123,App Notifications,Weekly,2024-01-27
user_358,user_name_358,6526942505,user358@example.com,password123,password123,None,,2024-01-05
user_359,user_name_359,,user359@example.com,password123,password123,App Notifications,,2024-01-28
user_360,user_name_360,2048878593,user360@example.com,password123,password123,None,Monthly,2024-01-31
user_361,user_name_361,7927391347,user361@example.com,password123,password123,App Notifications,Monthly,2024-01-31
user_362,user_name_362,,user362@example.com,password123,password123,None,,2024-01-03
user_363,user_name_363,,user363@example.com,password123,password123,SMS,Multiple times a day,2024-01-13
user_364,user_name_364,9969315868,user364@example.com,password123,password123,App Notifications,Multiple times a day,2024-01-24
user_365,user_name_365,,user365@example.com,password123,password123,App Notifications,,2024-01-23
user_366,user_name_366,5988309363,user366@example.com,password123,password123,None,Weekly,2024-01-23
user_367,user_name_367,,user367@example.com,password123,password123,App Notifications,Weekly,2024-01-31
user_368,user_name_368,,user368@example.com,password123,password123,SMS,Monthly,2024-01-09
user_369,user_name_369,,user369@example.com,password123,password123,Email,,2024-01-24
user_370,user_name_370,,user370@example.com,password123,password123,None,,2024-01-08
user_371,user_name_371,,user371@example.com,password123,password123,SMS,Daily,2024-01-13
user_372,user_name_372,7537331527,user372@example.com,password123,password123,App Notifications,Monthly,2024-01-31
user_373,user_name_373,,user373@example.com,password123,password123,App Notifications,Multiple times a day,2024-01-20
user_374,user_name_374,,user374@example.com,password123,password123,App Notifications,Weekly,2024-01-02
user_375,user_name_375,3191455030,user375@example.com,password123,password123,App Notifications,Daily,2024-01-01
user_376,user_name_376,,user376@example.com,password123,password123,None,Daily,2024-01-03
user_377,user_name_377,1830296155,user377@example.com,password123,password123,None,,2024-01-26
user_378,user_name_378,,user378@example.com,password123,password123,None,Weekly,2024-01-18
user_379,user_name_379,4419355198,user379@example.com,password123,password123,SMS,,2024-01-29
user_380,user_name_380,,user380@example.com,password123,password123,SMS,,2024-01-28
user_381,user_name_381,,user381@example.com,password123,password123,None,Weekly,2024-01-08
user_382,user_name_382,,user382@example.com,password123,password123,Email,Multiple times a day,2024-01-23
user_383,user_name_383,5374912282,user383@example.com,password123,password123,App Notifications,,2024-01-16
user_384,user_name_384,,user384@example.com,password123,password123,Email,,2024-01-28
user_385,user_name_385,,user385@example.com,password123,password123,None,,2024-01-31
user_386,user_name_386,4731346710,user386@example.com,password123,password123,SMS,,2024-01-18
user_387,user_name_387,7279618842,user387@example.com,password123,password123,SMS,,2024-01-20
user_388,user_name_388,2338759874,user388@example.com,password123,password123,Email,Daily,2024-01-12
user_389,user_name_389,,user389@example.com,password123,password123,None,,2024-01-14
user_390,user_name_390,9155414024,user390@example.com,password123,password123,App Notifications,,2024-01-30
user_391,user_name_391,9224894831,user391@example.com,password123,password123,None,,2024-01-16
user_392,user_name_392,,user392@example.com,password123,password123,App Notifications,Monthly,2024-01-19
user_393,user_name_393,,user393@example.com,password123,password123,None,Monthly,2024-01-30
user_394,user_name_394,2502808712,user394@example.com,password123,password123,None,,2024-01-13
user_395,user_name_395,,user395@example.com,password123,password123,None,,2024-01-07
user_396,user_name_396,8792547608,user396@example.com,password123,password123,None,Monthly,2024-01-30
user_397,user_name_397,6972042325,user397@example.com,password123,password123,SMS,,2024-01-25
user_398,user_name_398,,user398@example.com,password123,password123,App Notifications,Weekly,2024-01-27
user_399,user_name_399,2599688185,user399@example.com,password123,password123,SMS,,2024-01-22
user_400,user_name_400,5771722318,user400@example.com,password123,password123,None,Multiple times a day,2024-01-04
user_401,user_name_401,1318359430,user401@example.com,password123,password123,None,,2024-01-26
user_402,user_name_402,3791666851,user402@example.com,password123,password123,SMS,Monthly,2024-01-31
user_403,user_name_403,,user403@example.com,password123,password123,None,Daily,2024-01-27
user_404,user_name_404,4149484411,user404@example.com,password123,password123,Email,,2024-01-27
user_405,user_name_405,,user405@example.com,password123,password123,App Notifications,Multiple times a day,2024-01-12
user_406,user_name_406,2558202715,user406@example.com,password123,password123,SMS,,2024-01-17
user_407,user_name_407,3195789090,user407@example.com,password123,password123,SMS,Weekly,2024-01-10
user_408,user_name_408,7032656842,user408@example.com,password123,password123,App Notifications,Monthly,2024-01-03
user_409,user_name_409,8395422220,user409@example.com,password123,password123,None,Multiple times a day,2024-01-29
user_410,user_name_410,,user410@example.com,password123,password123,Email,,2024-01-03
user_411,user_name_411,5609417350,user411@example.com,password123,password123,Email,Daily,2024-01-29
user_412,user_name_412,4909775746,user412@example.com,password123,password123,None,Monthly,2024-01-10
user_413,user_name_413,6463346186,user413@example.com,password123,password123,None,,2024-01-11
user_414,user_name_414,9672613785,user414@example.com,password123,password123,Email,Monthly,2024-01-03
user_415,user_name_415,9479889411,user415@example.com,password123,password123,None,Monthly,2024-01-05
user_416,user_name_416,1155329200,user416@example.com,password123,password123,None,Daily,2024-01-22
user_417,user_name_417,,user417@example.com,password123,password123,App Notifications,,2024-01-22
user_418,user_name_418,7893130272,user418@example.com,password123,password123,SMS,,2024-01-24
user_419,user_name_419,,user419@example.com,password123,password123,App Notifications,,2024-01-30
user_420,user_name_420,8644811051,user420@example.com,password123,password123,SMS,,2024-01-26
user_421,user_name_421,,user421@example.com,password123,password123,None,Weekly,2024-01-15
user_422,user_name_422,4964020185,user422@example.com,password123,password123,None,Weekly,2024-01-24
user_423,user_name_423,,user423@example.com,password123,password123,SMS,,2024-01-17
user_424,user_name_424,,user424@example.com,password123,password123,Email,Weekly,2024-01-20
user_425,user_name_425,,user425@example.com,password123,password123,None,,2024-01-18
user_426,user_name_426,9686484774,user426@example.com,password123,password123,Email,Daily,2024-01-09
user_427,user_name_427,,user427@example.com,password123,password123,SMS,Daily,2024-01-15
user_428,user_name_428,,user428@example.com,password123,password123,None,,2024-01-25
user_429,user_name_429,9894855978,user429@example.com,password123,password123,SMS,Weekly,2024-01-17
user_430,user_name_430,,user430@example.com,password123,password123,App Notifications,,2024-01-25
user_431,user_name_431,5768388311,user431@example.com,password123,password123,Email,Multiple times a day,2024-01-19
user_432,user_name_432,,user432@example.com,password123,password123,SMS,,2024-01-14
user_433,user_name_433,,user433@example.com,password123,password123,Email,,2024-01-21
user_434,user_name_434,,user434@example.com,password123,password123,None,,2024-01-21
user_435,user_name_435,4441976120,user435@example.com,password123,password123,SMS,Monthly,2024-01-22
user_436,user_name_436,6902496402,user436@example.com,password123,password123,SMS,Monthly,2024-01-21
user_437,user_name_437,6523845430,user437@example.com,password123,password123,SMS,Multiple times a day,2024-01-30
user_438,user_name_438,9347690128,user438@example.com,password123,password123,Email,Weekly,2024-01-22
user_439,user_name_439,9832536291,user439@example.com,password123,password123,Email,,2024-01-07
user_440,user_name_440,,user440@example.com,password123,password123,None,Daily,2024-01-15
user_441,user_name_441,7424393133,user441@example.com,password123,password123,App Notifications,Weekly,2024-01-11
user_442,user_name_442,2540613212,user442@example.com,password123,password123,None,Multiple times a day,2024-01-28
user_443,user_name_443,,user443@example.com,password123,password123,Email,Weekly,2024-01-09
user_444,user_name_444,,user444@example.com,password123,password123,App Notifications,,2024-01-23
user_445,user_name_445,,user445@example.com,password123,password123,App Notifications,,2024-01-11
user_446,user_name_446,,user446@example.com,password123,password123,SMS,Multiple times a day,2024-01-08
user_447,user_name_447,,user447@example.com,password123,password123,None,,2024-01-11
user_448,user_name_448,,user448@example.com,password123,password123,SMS,Weekly,2024-01-15
user_449,user_name_449,,user449@example.com,password123,password123,None,,2024-01-16
user_450,user_name_450,,user450@example.com,password123,password123,Email,Daily,2024-01-16
user_451,user_name_451,,user451@example.com,password123,password123,None,,2024-01-29
user_452,user_name_452,8308298381,user452@example.com,password123,password123,SMS,Multiple times a day,2024-01-08
user_453,user_name_453,,user453@example.com,password123,password123,SMS,Multiple times a day,2024-01-23
user_454,user_name_454,,user454@example.com,password123,password123,Email,,2024-01-16
user_455,user_name_455,,user455@example.com,password123,password123,App Notifications,,2024-01-14
user_456,user_name_456,1457869562,user456@example.com,password123,password123,None,,2024-01-27
user_457,user_name_457,,user457@example.com,password123,password123,Email,Daily,2024-01-13
user_458,user_name_458,,user458@example.com,password123,password123,SMS,,2024-01-25
user_459,user_name_459,,user459@example.com,password123,password123,SMS,,2024-01-18
user_460,user_name_460,7532710260,user460@example.com,password123,password123,Email,,2024-01-06
user_461,user_name_461,,user461@example.com,password123,password123,App Notifications,,2024-01-17
user_462,user_name_462,,user462@example.com,password123,password123,Email,Daily,2024-01-07
user_463,user_name_463,,user463@example.com,password123,password123,Email,,2024-01-02
user_464,user_name_464,4802795549,user464@example.com,password123,password123,SMS,Monthly,2024-01-03
user_465,user_name_465,2637726175,user465@example.com,password123,password123,None,Multiple times a day,2024-01-06
user_466,user_name_466,3950250194,user466@example.com,password123,password123,Email,,2024-01-30
user_467,user_name_467,,user467@example.com,password123,password123,Email,,2024-01-25
user_468,user_name_468,7609462054,user468@example.com,password123,password123,None,Daily,2024-01-13
user_469,user_name_469,,user469@example.com,password123,password123,SMS,,2024-01-16
user_470,user_name_470,,user470@example.com,password123,password123,SMS,,2024-01-02
user_471,user_name_471,7821688927,user471@example.com,password123,password123,App Notifications,Daily,2024-01-15
user_472,user_name_472,2471050023,user472@example.com,password123,password123,SMS,Daily,2024-01-06
user_473,user_name_473,,user473@example.com,password123,password123,SMS,Monthly,2024-01-03
user_474,user_name_474,5603610469,user474@example.com,password123,password123,SMS,,2024-01-08
user_475,user_name_475,1848458197,user475@example.com,password123,password123,SMS,Daily,2024-01-07
user_476,user_name_476,9497387074,user476@example.com,password123,password123,None,Daily,2024-01-29
user_477,user_name_477,3081132298,user477@example.com,password123,password123,Email,Multiple times a day,2024-01-28
user_478,user_name_478,7701679638,user478@example.com,password123,password123,App Notifications,,2024-01-01
user_479,user_name_479,,user479@example.com,password123,password123,Email,Daily,2024-01-06
user_480,user_name_480,2850955222,user480@example.com,password123,password123,App Notifications,Monthly,2024-01-15
user_481,user_name_481,1848446118,user481@example.com,password123,password123,Email,,2024-01-09
user_482,user_name_482,,user482@example.com,password123,password123,SMS,Multiple times a day,2024-01-29
user_483,user_name_483,,user483@example.com,password123,password123,None,Multiple times a day,2024-01-28
user_484,user_name_484,,user484@example.com,password123,password123,SMS,,2024-01-23
user_485,user_name_485,2876551054,user485@example.com,password123,password123,App Notifications,Daily,2024-01-19
user_486,user_name_486,,user486@example.com,password123,password123,SMS,,2024-01-13
user_487,user_name_487,,user487@example.com,password123,password123,Email,Weekly,2024-01-21
user_488,user_name_488,,user488@example.com,password123,password123,None,Multiple times a day,2024-01-12
user_489,user_name_489,4536589875,user489@example.com,password123,password123,SMS,,2024-01-30
user_490,user_name_490,,user490@example.com,password123,password123,None,,2024-01-08
user_491,user_name_491,7131484965,user491@example.com,password123,password123,Email,,2024-01-16
user_492,user_name_492,5268437420,user492@example.com,password123,password123,App Notifications,Multiple times a day,2024-01-13
user_493,user_name_493,,user493@example.com,password123,password123,None,Weekly,2024-01-31
user_494,user_name_494,7353945103,user494@example.com,password123,password123,App Notifications,Daily,2024-01-04
user_495,user_name_495,,user495@example.com,password123,password123,SMS,Weekly,2024-01-14
user_496,user_name_496,,user496@example.com,password123,password123,SMS,,2024-01-18
user_497,user_name_497,6249741899,user497@example.com,password123,password123,SMS,Weekly,2024-01-17
user_498,user_name_498,7052551503,user498@example.com,password123,password123,Email,,2024-01-21
user_499,user_name_499,,user499@example.com,password123,password123,SMS,Monthly,2024-01-21
user_500,user_name_500,,user500@example.com,password123,password123,None,Daily,2024-01-29
